<?xml version="1.0" encoding="UTF-8"?><?xml-stylesheet type='text/xsl' href='_UpgradeReport_Files/UpgradeReport.xslt'?><UpgradeLog>
<Properties><Property Name="Solution" Value="Community.CsharpSqlite">
</Property><Property Name="Solution File" Value="C:\Documents and Settings\Igor Stepansky\Desktop\Runescape C#\Runescape 2 [530] C# Server\C# SQLite Port Project\Community.CsharpSqlite\Community.CsharpSqlite.sln">
</Property><Property Name="Date" Value="Saturday, December 14, 2013">
</Property><Property Name="Time" Value="19:37 PM">
</Property></Properties><Event ErrorLevel="0" Project="" Source="Community.CsharpSqlite.sln" Description="File successfully backed up as C:\Documents and Settings\Igor Stepansky\Desktop\Runescape C#\Runescape 2 [530] C# Server\C# SQLite Port Project\Community.CsharpSqlite\Backup\Community.CsharpSqlite.sln">
</Event><Event ErrorLevel="0" Project="Community.CsharpSqlite" Source="Community.CsharpSqlite.csproj" Description="Project file successfully backed up as C:\Documents and Settings\Igor Stepansky\Desktop\Runescape C#\Runescape 2 [530] C# Server\C# SQLite Port Project\Community.CsharpSqlite\Backup\Community.CsharpSqlite.csproj">
</Event><Event ErrorLevel="0" Project="Community.CsharpSqlite" Source="src\alter_c.cs" Description="File successfully backed up as C:\Documents and Settings\Igor Stepansky\Desktop\Runescape C#\Runescape 2 [530] C# Server\C# SQLite Port Project\Community.CsharpSqlite\Backup\src\alter_c.cs">
</Event><Event ErrorLevel="0" Project="Community.CsharpSqlite" Source="src\analyze_c.cs" Description="File successfully backed up as C:\Documents and Settings\Igor Stepansky\Desktop\Runescape C#\Runescape 2 [530] C# Server\C# SQLite Port Project\Community.CsharpSqlite\Backup\src\analyze_c.cs">
</Event><Event ErrorLevel="0" Project="Community.CsharpSqlite" Source="src\attach_c.cs" Description="File successfully backed up as C:\Documents and Settings\Igor Stepansky\Desktop\Runescape C#\Runescape 2 [530] C# Server\C# SQLite Port Project\Community.CsharpSqlite\Backup\src\attach_c.cs">
</Event><Event ErrorLevel="0" Project="Community.CsharpSqlite" Source="src\auth_c.cs" Description="File successfully backed up as C:\Documents and Settings\Igor Stepansky\Desktop\Runescape C#\Runescape 2 [530] C# Server\C# SQLite Port Project\Community.CsharpSqlite\Backup\src\auth_c.cs">
</Event><Event ErrorLevel="0" Project="Community.CsharpSqlite" Source="src\backup_c.cs" Description="File successfully backed up as C:\Documents and Settings\Igor Stepansky\Desktop\Runescape C#\Runescape 2 [530] C# Server\C# SQLite Port Project\Community.CsharpSqlite\Backup\src\backup_c.cs">
</Event><Event ErrorLevel="0" Project="Community.CsharpSqlite" Source="src\bitvec_c.cs" Description="File successfully backed up as C:\Documents and Settings\Igor Stepansky\Desktop\Runescape C#\Runescape 2 [530] C# Server\C# SQLite Port Project\Community.CsharpSqlite\Backup\src\bitvec_c.cs">
</Event><Event ErrorLevel="0" Project="Community.CsharpSqlite" Source="src\btmutex_c.cs" Description="File successfully backed up as C:\Documents and Settings\Igor Stepansky\Desktop\Runescape C#\Runescape 2 [530] C# Server\C# SQLite Port Project\Community.CsharpSqlite\Backup\src\btmutex_c.cs">
</Event><Event ErrorLevel="0" Project="Community.CsharpSqlite" Source="src\BtreeInt_h.cs" Description="File successfully backed up as C:\Documents and Settings\Igor Stepansky\Desktop\Runescape C#\Runescape 2 [530] C# Server\C# SQLite Port Project\Community.CsharpSqlite\Backup\src\BtreeInt_h.cs">
</Event><Event ErrorLevel="0" Project="Community.CsharpSqlite" Source="src\btree_c.cs" Description="File successfully backed up as C:\Documents and Settings\Igor Stepansky\Desktop\Runescape C#\Runescape 2 [530] C# Server\C# SQLite Port Project\Community.CsharpSqlite\Backup\src\btree_c.cs">
</Event><Event ErrorLevel="0" Project="Community.CsharpSqlite" Source="src\Btree_h.cs" Description="File successfully backed up as C:\Documents and Settings\Igor Stepansky\Desktop\Runescape C#\Runescape 2 [530] C# Server\C# SQLite Port Project\Community.CsharpSqlite\Backup\src\Btree_h.cs">
</Event><Event ErrorLevel="0" Project="Community.CsharpSqlite" Source="src\build_c.cs" Description="File successfully backed up as C:\Documents and Settings\Igor Stepansky\Desktop\Runescape C#\Runescape 2 [530] C# Server\C# SQLite Port Project\Community.CsharpSqlite\Backup\src\build_c.cs">
</Event><Event ErrorLevel="0" Project="Community.CsharpSqlite" Source="src\callback_c.cs" Description="File successfully backed up as C:\Documents and Settings\Igor Stepansky\Desktop\Runescape C#\Runescape 2 [530] C# Server\C# SQLite Port Project\Community.CsharpSqlite\Backup\src\callback_c.cs">
</Event><Event ErrorLevel="0" Project="Community.CsharpSqlite" Source="src\complete_c.cs" Description="File successfully backed up as C:\Documents and Settings\Igor Stepansky\Desktop\Runescape C#\Runescape 2 [530] C# Server\C# SQLite Port Project\Community.CsharpSqlite\Backup\src\complete_c.cs">
</Event><Event ErrorLevel="0" Project="Community.CsharpSqlite" Source="src\crypto.cs" Description="File successfully backed up as C:\Documents and Settings\Igor Stepansky\Desktop\Runescape C#\Runescape 2 [530] C# Server\C# SQLite Port Project\Community.CsharpSqlite\Backup\src\crypto.cs">
</Event><Event ErrorLevel="0" Project="Community.CsharpSqlite" Source="src\ctime_c.cs" Description="File successfully backed up as C:\Documents and Settings\Igor Stepansky\Desktop\Runescape C#\Runescape 2 [530] C# Server\C# SQLite Port Project\Community.CsharpSqlite\Backup\src\ctime_c.cs">
</Event><Event ErrorLevel="0" Project="Community.CsharpSqlite" Source="src\date_c.cs" Description="File successfully backed up as C:\Documents and Settings\Igor Stepansky\Desktop\Runescape C#\Runescape 2 [530] C# Server\C# SQLite Port Project\Community.CsharpSqlite\Backup\src\date_c.cs">
</Event><Event ErrorLevel="0" Project="Community.CsharpSqlite" Source="src\Delegates.cs" Description="File successfully backed up as C:\Documents and Settings\Igor Stepansky\Desktop\Runescape C#\Runescape 2 [530] C# Server\C# SQLite Port Project\Community.CsharpSqlite\Backup\src\Delegates.cs">
</Event><Event ErrorLevel="0" Project="Community.CsharpSqlite" Source="src\delete_c.cs" Description="File successfully backed up as C:\Documents and Settings\Igor Stepansky\Desktop\Runescape C#\Runescape 2 [530] C# Server\C# SQLite Port Project\Community.CsharpSqlite\Backup\src\delete_c.cs">
</Event><Event ErrorLevel="0" Project="Community.CsharpSqlite" Source="src\expr_c.cs" Description="File successfully backed up as C:\Documents and Settings\Igor Stepansky\Desktop\Runescape C#\Runescape 2 [530] C# Server\C# SQLite Port Project\Community.CsharpSqlite\Backup\src\expr_c.cs">
</Event><Event ErrorLevel="0" Project="Community.CsharpSqlite" Source="src\fault_c.cs" Description="File successfully backed up as C:\Documents and Settings\Igor Stepansky\Desktop\Runescape C#\Runescape 2 [530] C# Server\C# SQLite Port Project\Community.CsharpSqlite\Backup\src\fault_c.cs">
</Event><Event ErrorLevel="0" Project="Community.CsharpSqlite" Source="src\fkey_c.cs" Description="File successfully backed up as C:\Documents and Settings\Igor Stepansky\Desktop\Runescape C#\Runescape 2 [530] C# Server\C# SQLite Port Project\Community.CsharpSqlite\Backup\src\fkey_c.cs">
</Event><Event ErrorLevel="0" Project="Community.CsharpSqlite" Source="src\func_c.cs" Description="File successfully backed up as C:\Documents and Settings\Igor Stepansky\Desktop\Runescape C#\Runescape 2 [530] C# Server\C# SQLite Port Project\Community.CsharpSqlite\Backup\src\func_c.cs">
</Event><Event ErrorLevel="0" Project="Community.CsharpSqlite" Source="src\global_c.cs" Description="File successfully backed up as C:\Documents and Settings\Igor Stepansky\Desktop\Runescape C#\Runescape 2 [530] C# Server\C# SQLite Port Project\Community.CsharpSqlite\Backup\src\global_c.cs">
</Event><Event ErrorLevel="0" Project="Community.CsharpSqlite" Source="src\hash_c.cs" Description="File successfully backed up as C:\Documents and Settings\Igor Stepansky\Desktop\Runescape C#\Runescape 2 [530] C# Server\C# SQLite Port Project\Community.CsharpSqlite\Backup\src\hash_c.cs">
</Event><Event ErrorLevel="0" Project="Community.CsharpSqlite" Source="src\Hash_h.cs" Description="File successfully backed up as C:\Documents and Settings\Igor Stepansky\Desktop\Runescape C#\Runescape 2 [530] C# Server\C# SQLite Port Project\Community.CsharpSqlite\Backup\src\Hash_h.cs">
</Event><Event ErrorLevel="0" Project="Community.CsharpSqlite" Source="src\hwtime_c.cs" Description="File successfully backed up as C:\Documents and Settings\Igor Stepansky\Desktop\Runescape C#\Runescape 2 [530] C# Server\C# SQLite Port Project\Community.CsharpSqlite\Backup\src\hwtime_c.cs">
</Event><Event ErrorLevel="0" Project="Community.CsharpSqlite" Source="src\insert_c.cs" Description="File successfully backed up as C:\Documents and Settings\Igor Stepansky\Desktop\Runescape C#\Runescape 2 [530] C# Server\C# SQLite Port Project\Community.CsharpSqlite\Backup\src\insert_c.cs">
</Event><Event ErrorLevel="0" Project="Community.CsharpSqlite" Source="src\journal_c.cs" Description="File successfully backed up as C:\Documents and Settings\Igor Stepansky\Desktop\Runescape C#\Runescape 2 [530] C# Server\C# SQLite Port Project\Community.CsharpSqlite\Backup\src\journal_c.cs">
</Event><Event ErrorLevel="0" Project="Community.CsharpSqlite" Source="src\keywordhash_h.cs" Description="File successfully backed up as C:\Documents and Settings\Igor Stepansky\Desktop\Runescape C#\Runescape 2 [530] C# Server\C# SQLite Port Project\Community.CsharpSqlite\Backup\src\keywordhash_h.cs">
</Event><Event ErrorLevel="0" Project="Community.CsharpSqlite" Source="src\legacy_c.cs" Description="File successfully backed up as C:\Documents and Settings\Igor Stepansky\Desktop\Runescape C#\Runescape 2 [530] C# Server\C# SQLite Port Project\Community.CsharpSqlite\Backup\src\legacy_c.cs">
</Event><Event ErrorLevel="0" Project="Community.CsharpSqlite" Source="src\loadext_c.cs" Description="File successfully backed up as C:\Documents and Settings\Igor Stepansky\Desktop\Runescape C#\Runescape 2 [530] C# Server\C# SQLite Port Project\Community.CsharpSqlite\Backup\src\loadext_c.cs">
</Event><Event ErrorLevel="0" Project="Community.CsharpSqlite" Source="src\main_c.cs" Description="File successfully backed up as C:\Documents and Settings\Igor Stepansky\Desktop\Runescape C#\Runescape 2 [530] C# Server\C# SQLite Port Project\Community.CsharpSqlite\Backup\src\main_c.cs">
</Event><Event ErrorLevel="0" Project="Community.CsharpSqlite" Source="src\malloc_c.cs" Description="File successfully backed up as C:\Documents and Settings\Igor Stepansky\Desktop\Runescape C#\Runescape 2 [530] C# Server\C# SQLite Port Project\Community.CsharpSqlite\Backup\src\malloc_c.cs">
</Event><Event ErrorLevel="0" Project="Community.CsharpSqlite" Source="src\memjournal_c.cs" Description="File successfully backed up as C:\Documents and Settings\Igor Stepansky\Desktop\Runescape C#\Runescape 2 [530] C# Server\C# SQLite Port Project\Community.CsharpSqlite\Backup\src\memjournal_c.cs">
</Event><Event ErrorLevel="0" Project="Community.CsharpSqlite" Source="src\mem_Pool.cs" Description="File successfully backed up as C:\Documents and Settings\Igor Stepansky\Desktop\Runescape C#\Runescape 2 [530] C# Server\C# SQLite Port Project\Community.CsharpSqlite\Backup\src\mem_Pool.cs">
</Event><Event ErrorLevel="0" Project="Community.CsharpSqlite" Source="src\mutex_c.cs" Description="File successfully backed up as C:\Documents and Settings\Igor Stepansky\Desktop\Runescape C#\Runescape 2 [530] C# Server\C# SQLite Port Project\Community.CsharpSqlite\Backup\src\mutex_c.cs">
</Event><Event ErrorLevel="0" Project="Community.CsharpSqlite" Source="src\mutex_h.cs" Description="File successfully backed up as C:\Documents and Settings\Igor Stepansky\Desktop\Runescape C#\Runescape 2 [530] C# Server\C# SQLite Port Project\Community.CsharpSqlite\Backup\src\mutex_h.cs">
</Event><Event ErrorLevel="0" Project="Community.CsharpSqlite" Source="src\mutex_noop_c.cs" Description="File successfully backed up as C:\Documents and Settings\Igor Stepansky\Desktop\Runescape C#\Runescape 2 [530] C# Server\C# SQLite Port Project\Community.CsharpSqlite\Backup\src\mutex_noop_c.cs">
</Event><Event ErrorLevel="0" Project="Community.CsharpSqlite" Source="src\mutex_w32.cs" Description="File successfully backed up as C:\Documents and Settings\Igor Stepansky\Desktop\Runescape C#\Runescape 2 [530] C# Server\C# SQLite Port Project\Community.CsharpSqlite\Backup\src\mutex_w32.cs">
</Event><Event ErrorLevel="0" Project="Community.CsharpSqlite" Source="src\notify_c.cs" Description="File successfully backed up as C:\Documents and Settings\Igor Stepansky\Desktop\Runescape C#\Runescape 2 [530] C# Server\C# SQLite Port Project\Community.CsharpSqlite\Backup\src\notify_c.cs">
</Event><Event ErrorLevel="0" Project="Community.CsharpSqlite" Source="src\opcodes_c.cs" Description="File successfully backed up as C:\Documents and Settings\Igor Stepansky\Desktop\Runescape C#\Runescape 2 [530] C# Server\C# SQLite Port Project\Community.CsharpSqlite\Backup\src\opcodes_c.cs">
</Event><Event ErrorLevel="0" Project="Community.CsharpSqlite" Source="src\opcodes_h.cs" Description="File successfully backed up as C:\Documents and Settings\Igor Stepansky\Desktop\Runescape C#\Runescape 2 [530] C# Server\C# SQLite Port Project\Community.CsharpSqlite\Backup\src\opcodes_h.cs">
</Event><Event ErrorLevel="0" Project="Community.CsharpSqlite" Source="src\os_c.cs" Description="File successfully backed up as C:\Documents and Settings\Igor Stepansky\Desktop\Runescape C#\Runescape 2 [530] C# Server\C# SQLite Port Project\Community.CsharpSqlite\Backup\src\os_c.cs">
</Event><Event ErrorLevel="0" Project="Community.CsharpSqlite" Source="src\os_common_h.cs" Description="File successfully backed up as C:\Documents and Settings\Igor Stepansky\Desktop\Runescape C#\Runescape 2 [530] C# Server\C# SQLite Port Project\Community.CsharpSqlite\Backup\src\os_common_h.cs">
</Event><Event ErrorLevel="0" Project="Community.CsharpSqlite" Source="src\os_h.cs" Description="File successfully backed up as C:\Documents and Settings\Igor Stepansky\Desktop\Runescape C#\Runescape 2 [530] C# Server\C# SQLite Port Project\Community.CsharpSqlite\Backup\src\os_h.cs">
</Event><Event ErrorLevel="0" Project="Community.CsharpSqlite" Source="src\os_win_c.cs" Description="File successfully backed up as C:\Documents and Settings\Igor Stepansky\Desktop\Runescape C#\Runescape 2 [530] C# Server\C# SQLite Port Project\Community.CsharpSqlite\Backup\src\os_win_c.cs">
</Event><Event ErrorLevel="0" Project="Community.CsharpSqlite" Source="src\pager_c.cs" Description="File successfully backed up as C:\Documents and Settings\Igor Stepansky\Desktop\Runescape C#\Runescape 2 [530] C# Server\C# SQLite Port Project\Community.CsharpSqlite\Backup\src\pager_c.cs">
</Event><Event ErrorLevel="0" Project="Community.CsharpSqlite" Source="src\pager_h.cs" Description="File successfully backed up as C:\Documents and Settings\Igor Stepansky\Desktop\Runescape C#\Runescape 2 [530] C# Server\C# SQLite Port Project\Community.CsharpSqlite\Backup\src\pager_h.cs">
</Event><Event ErrorLevel="0" Project="Community.CsharpSqlite" Source="src\parse_c.cs" Description="File successfully backed up as C:\Documents and Settings\Igor Stepansky\Desktop\Runescape C#\Runescape 2 [530] C# Server\C# SQLite Port Project\Community.CsharpSqlite\Backup\src\parse_c.cs">
</Event><Event ErrorLevel="0" Project="Community.CsharpSqlite" Source="src\parse_h.cs" Description="File successfully backed up as C:\Documents and Settings\Igor Stepansky\Desktop\Runescape C#\Runescape 2 [530] C# Server\C# SQLite Port Project\Community.CsharpSqlite\Backup\src\parse_h.cs">
</Event><Event ErrorLevel="0" Project="Community.CsharpSqlite" Source="src\pcache1_c.cs" Description="File successfully backed up as C:\Documents and Settings\Igor Stepansky\Desktop\Runescape C#\Runescape 2 [530] C# Server\C# SQLite Port Project\Community.CsharpSqlite\Backup\src\pcache1_c.cs">
</Event><Event ErrorLevel="0" Project="Community.CsharpSqlite" Source="src\pcache_c.cs" Description="File successfully backed up as C:\Documents and Settings\Igor Stepansky\Desktop\Runescape C#\Runescape 2 [530] C# Server\C# SQLite Port Project\Community.CsharpSqlite\Backup\src\pcache_c.cs">
</Event><Event ErrorLevel="0" Project="Community.CsharpSqlite" Source="src\pcache_h.cs" Description="File successfully backed up as C:\Documents and Settings\Igor Stepansky\Desktop\Runescape C#\Runescape 2 [530] C# Server\C# SQLite Port Project\Community.CsharpSqlite\Backup\src\pcache_h.cs">
</Event><Event ErrorLevel="0" Project="Community.CsharpSqlite" Source="src\pragma_c.cs" Description="File successfully backed up as C:\Documents and Settings\Igor Stepansky\Desktop\Runescape C#\Runescape 2 [530] C# Server\C# SQLite Port Project\Community.CsharpSqlite\Backup\src\pragma_c.cs">
</Event><Event ErrorLevel="0" Project="Community.CsharpSqlite" Source="src\prepare_c.cs" Description="File successfully backed up as C:\Documents and Settings\Igor Stepansky\Desktop\Runescape C#\Runescape 2 [530] C# Server\C# SQLite Port Project\Community.CsharpSqlite\Backup\src\prepare_c.cs">
</Event><Event ErrorLevel="0" Project="Community.CsharpSqlite" Source="src\printf_c.cs" Description="File successfully backed up as C:\Documents and Settings\Igor Stepansky\Desktop\Runescape C#\Runescape 2 [530] C# Server\C# SQLite Port Project\Community.CsharpSqlite\Backup\src\printf_c.cs">
</Event><Event ErrorLevel="0" Project="Community.CsharpSqlite" Source="src\random_c.cs" Description="File successfully backed up as C:\Documents and Settings\Igor Stepansky\Desktop\Runescape C#\Runescape 2 [530] C# Server\C# SQLite Port Project\Community.CsharpSqlite\Backup\src\random_c.cs">
</Event><Event ErrorLevel="0" Project="Community.CsharpSqlite" Source="src\resolve_c.cs" Description="File successfully backed up as C:\Documents and Settings\Igor Stepansky\Desktop\Runescape C#\Runescape 2 [530] C# Server\C# SQLite Port Project\Community.CsharpSqlite\Backup\src\resolve_c.cs">
</Event><Event ErrorLevel="0" Project="Community.CsharpSqlite" Source="src\rowset_c.cs" Description="File successfully backed up as C:\Documents and Settings\Igor Stepansky\Desktop\Runescape C#\Runescape 2 [530] C# Server\C# SQLite Port Project\Community.CsharpSqlite\Backup\src\rowset_c.cs">
</Event><Event ErrorLevel="0" Project="Community.CsharpSqlite" Source="src\select_c.cs" Description="File successfully backed up as C:\Documents and Settings\Igor Stepansky\Desktop\Runescape C#\Runescape 2 [530] C# Server\C# SQLite Port Project\Community.CsharpSqlite\Backup\src\select_c.cs">
</Event><Event ErrorLevel="0" Project="Community.CsharpSqlite" Source="src\sqlite3_h.cs" Description="File successfully backed up as C:\Documents and Settings\Igor Stepansky\Desktop\Runescape C#\Runescape 2 [530] C# Server\C# SQLite Port Project\Community.CsharpSqlite\Backup\src\sqlite3_h.cs">
</Event><Event ErrorLevel="0" Project="Community.CsharpSqlite" Source="src\sqliteInt_h.cs" Description="File successfully backed up as C:\Documents and Settings\Igor Stepansky\Desktop\Runescape C#\Runescape 2 [530] C# Server\C# SQLite Port Project\Community.CsharpSqlite\Backup\src\sqliteInt_h.cs">
</Event><Event ErrorLevel="0" Project="Community.CsharpSqlite" Source="src\sqliteLimit_h.cs" Description="File successfully backed up as C:\Documents and Settings\Igor Stepansky\Desktop\Runescape C#\Runescape 2 [530] C# Server\C# SQLite Port Project\Community.CsharpSqlite\Backup\src\sqliteLimit_h.cs">
</Event><Event ErrorLevel="0" Project="Community.CsharpSqlite" Source="src\status_c.cs" Description="File successfully backed up as C:\Documents and Settings\Igor Stepansky\Desktop\Runescape C#\Runescape 2 [530] C# Server\C# SQLite Port Project\Community.CsharpSqlite\Backup\src\status_c.cs">
</Event><Event ErrorLevel="0" Project="Community.CsharpSqlite" Source="src\table_c.cs" Description="File successfully backed up as C:\Documents and Settings\Igor Stepansky\Desktop\Runescape C#\Runescape 2 [530] C# Server\C# SQLite Port Project\Community.CsharpSqlite\Backup\src\table_c.cs">
</Event><Event ErrorLevel="0" Project="Community.CsharpSqlite" Source="src\tokenize_c.cs" Description="File successfully backed up as C:\Documents and Settings\Igor Stepansky\Desktop\Runescape C#\Runescape 2 [530] C# Server\C# SQLite Port Project\Community.CsharpSqlite\Backup\src\tokenize_c.cs">
</Event><Event ErrorLevel="0" Project="Community.CsharpSqlite" Source="src\trigger_c.cs" Description="File successfully backed up as C:\Documents and Settings\Igor Stepansky\Desktop\Runescape C#\Runescape 2 [530] C# Server\C# SQLite Port Project\Community.CsharpSqlite\Backup\src\trigger_c.cs">
</Event><Event ErrorLevel="0" Project="Community.CsharpSqlite" Source="src\update_c.cs" Description="File successfully backed up as C:\Documents and Settings\Igor Stepansky\Desktop\Runescape C#\Runescape 2 [530] C# Server\C# SQLite Port Project\Community.CsharpSqlite\Backup\src\update_c.cs">
</Event><Event ErrorLevel="0" Project="Community.CsharpSqlite" Source="src\utf_c.cs" Description="File successfully backed up as C:\Documents and Settings\Igor Stepansky\Desktop\Runescape C#\Runescape 2 [530] C# Server\C# SQLite Port Project\Community.CsharpSqlite\Backup\src\utf_c.cs">
</Event><Event ErrorLevel="0" Project="Community.CsharpSqlite" Source="src\util_c.cs" Description="File successfully backed up as C:\Documents and Settings\Igor Stepansky\Desktop\Runescape C#\Runescape 2 [530] C# Server\C# SQLite Port Project\Community.CsharpSqlite\Backup\src\util_c.cs">
</Event><Event ErrorLevel="0" Project="Community.CsharpSqlite" Source="src\vacuum_c.cs" Description="File successfully backed up as C:\Documents and Settings\Igor Stepansky\Desktop\Runescape C#\Runescape 2 [530] C# Server\C# SQLite Port Project\Community.CsharpSqlite\Backup\src\vacuum_c.cs">
</Event><Event ErrorLevel="0" Project="Community.CsharpSqlite" Source="src\vdbeapi_c.cs" Description="File successfully backed up as C:\Documents and Settings\Igor Stepansky\Desktop\Runescape C#\Runescape 2 [530] C# Server\C# SQLite Port Project\Community.CsharpSqlite\Backup\src\vdbeapi_c.cs">
</Event><Event ErrorLevel="0" Project="Community.CsharpSqlite" Source="src\vdbeaux_c.cs" Description="File successfully backed up as C:\Documents and Settings\Igor Stepansky\Desktop\Runescape C#\Runescape 2 [530] C# Server\C# SQLite Port Project\Community.CsharpSqlite\Backup\src\vdbeaux_c.cs">
</Event><Event ErrorLevel="0" Project="Community.CsharpSqlite" Source="src\vdbeblob_c.cs" Description="File successfully backed up as C:\Documents and Settings\Igor Stepansky\Desktop\Runescape C#\Runescape 2 [530] C# Server\C# SQLite Port Project\Community.CsharpSqlite\Backup\src\vdbeblob_c.cs">
</Event><Event ErrorLevel="0" Project="Community.CsharpSqlite" Source="src\VdbeInt_h.cs" Description="File successfully backed up as C:\Documents and Settings\Igor Stepansky\Desktop\Runescape C#\Runescape 2 [530] C# Server\C# SQLite Port Project\Community.CsharpSqlite\Backup\src\VdbeInt_h.cs">
</Event><Event ErrorLevel="0" Project="Community.CsharpSqlite" Source="src\vdbemem_c.cs" Description="File successfully backed up as C:\Documents and Settings\Igor Stepansky\Desktop\Runescape C#\Runescape 2 [530] C# Server\C# SQLite Port Project\Community.CsharpSqlite\Backup\src\vdbemem_c.cs">
</Event><Event ErrorLevel="0" Project="Community.CsharpSqlite" Source="src\vdbetrace_c.cs" Description="File successfully backed up as C:\Documents and Settings\Igor Stepansky\Desktop\Runescape C#\Runescape 2 [530] C# Server\C# SQLite Port Project\Community.CsharpSqlite\Backup\src\vdbetrace_c.cs">
</Event><Event ErrorLevel="0" Project="Community.CsharpSqlite" Source="src\vdbe_c.cs" Description="File successfully backed up as C:\Documents and Settings\Igor Stepansky\Desktop\Runescape C#\Runescape 2 [530] C# Server\C# SQLite Port Project\Community.CsharpSqlite\Backup\src\vdbe_c.cs">
</Event><Event ErrorLevel="0" Project="Community.CsharpSqlite" Source="src\Vdbe_h.cs" Description="File successfully backed up as C:\Documents and Settings\Igor Stepansky\Desktop\Runescape C#\Runescape 2 [530] C# Server\C# SQLite Port Project\Community.CsharpSqlite\Backup\src\Vdbe_h.cs">
</Event><Event ErrorLevel="0" Project="Community.CsharpSqlite" Source="src\vtab_c.cs" Description="File successfully backed up as C:\Documents and Settings\Igor Stepansky\Desktop\Runescape C#\Runescape 2 [530] C# Server\C# SQLite Port Project\Community.CsharpSqlite\Backup\src\vtab_c.cs">
</Event><Event ErrorLevel="0" Project="Community.CsharpSqlite" Source="src\walker_c.cs" Description="File successfully backed up as C:\Documents and Settings\Igor Stepansky\Desktop\Runescape C#\Runescape 2 [530] C# Server\C# SQLite Port Project\Community.CsharpSqlite\Backup\src\walker_c.cs">
</Event><Event ErrorLevel="0" Project="Community.CsharpSqlite" Source="src\wal_c.cs" Description="File successfully backed up as C:\Documents and Settings\Igor Stepansky\Desktop\Runescape C#\Runescape 2 [530] C# Server\C# SQLite Port Project\Community.CsharpSqlite\Backup\src\wal_c.cs">
</Event><Event ErrorLevel="0" Project="Community.CsharpSqlite" Source="src\wal_h.cs" Description="File successfully backed up as C:\Documents and Settings\Igor Stepansky\Desktop\Runescape C#\Runescape 2 [530] C# Server\C# SQLite Port Project\Community.CsharpSqlite\Backup\src\wal_h.cs">
</Event><Event ErrorLevel="0" Project="Community.CsharpSqlite" Source="src\where_c.cs" Description="File successfully backed up as C:\Documents and Settings\Igor Stepansky\Desktop\Runescape C#\Runescape 2 [530] C# Server\C# SQLite Port Project\Community.CsharpSqlite\Backup\src\where_c.cs">
</Event><Event ErrorLevel="0" Project="Community.CsharpSqlite" Source="src\_Custom.cs" Description="File successfully backed up as C:\Documents and Settings\Igor Stepansky\Desktop\Runescape C#\Runescape 2 [530] C# Server\C# SQLite Port Project\Community.CsharpSqlite\Backup\src\_Custom.cs">
</Event><Event ErrorLevel="0" Project="Community.CsharpSqlite" Source="Properties\AssemblyInfo.cs" Description="File successfully backed up as C:\Documents and Settings\Igor Stepansky\Desktop\Runescape C#\Runescape 2 [530] C# Server\C# SQLite Port Project\Community.CsharpSqlite\Backup\Properties\AssemblyInfo.cs">
</Event><Event ErrorLevel="0" Project="Community.CsharpSqlite" Source="app.config" Description="File successfully backed up as C:\Documents and Settings\Igor Stepansky\Desktop\Runescape C#\Runescape 2 [530] C# Server\C# SQLite Port Project\Community.CsharpSqlite\Backup\app.config">
</Event><Event ErrorLevel="0" Project="Community.CsharpSqlite" Source="Community.CsharpSqlite.csproj" Description="The project file does not require conversion.">
</Event><Event ErrorLevel="3" Project="Community.CsharpSqlite" Source="Community.CsharpSqlite.csproj" Description="No Conversion Required">
</Event><Event ErrorLevel="0" Project="" Source="Community.CsharpSqlite.sln" Description="Solution converted successfully">
</Event><Event ErrorLevel="3" Project="" Source="Community.CsharpSqlite.sln" Description="Converted">
</Event></UpgradeLog>